{
  "group_stats": {
    "manual": {
      "count": 560.0,
      "mean": 66.05255535714285,
      "median": 8.592500000000001,
      "std": 125.10574288677854,
      "min": 0.218,
      "q25": 1.807,
      "q75": 55.18025,
      "max": 625.837,
      "median_ci_low": 7.2145,
      "median_ci_high": 11.0205,
      "mean_ci_low": 55.80914258928572,
      "mean_ci_high": 76.74855294642856
    },
    "auto": {
      "count": 982.0,
      "mean": 791.2305264765785,
      "median": 157.543,
      "std": 1485.7966424751578,
      "min": 0.154,
      "q25": 31.644750000000002,
      "q75": 791.74675,
      "max": 9324.346,
      "median_ci_low": 133.8018875,
      "median_ci_high": 185.8055,
      "mean_ci_low": 698.2034651476579,
      "mean_ci_high": 887.2187894348267
    }
  },
  "mann_whitney": {
    "U": 105866.5,
    "p_value": 6.195212833264818e-90,
    "cohens_d": -0.6102890604777426,
    "mean_diff": -725.1779711194356
  },
  "cliffs_delta": -0.6149749054407914,
  "per_user": {
    "n_users": 109,
    "wilcoxon_stat": 527.0,
    "wilcoxon_p": 8.084487272362266e-14,
    "mean_diff": -463.6201376146789
  },
  "survival": {
    "chi2": 509.4896571504743,
    "p": 8.189375101893506e-113
  }
}